date,user,is_retweet,is_quote,text,quoted_text,,,,,
5/21/2020 4:06,marta12551008,FALSE,FALSE,@NicoSD_567 @Nicouy83 @gkanozo @fidelestevez4 @Lizbehling3 @nmbr_1986 @PaolaSCruz1990 @BettyLaRosa12 @anadebri @AhinoaForever ESA LA MALDAD Q TIENEN EXTREMA DIOS SEA SU VENGADOR Y PRONTO PUEDAS VER AL DAÃ‘INO PAGAR TU DOLOR MUY TRISTE ES Q NO SON FELICES ,,,,,,
5/21/2020 4:07,xwincestiles,TRUE,FALSE,RT @skjlouder: no podemos olvidar la sonrisita de yoongi al ver al pingÃ¼ino gigante a su lado, estoy muy triste :( https://t.co/zTFN73l6EM,,,,,
5/21/2020 4:07,incinur00,FALSE,FALSE,ne yani biz senle ÅŸimdi kolpaÃ§ino izleyemicez mi,,,,,,
5/21/2020 4:07,JKBGigi,TRUE,FALSE,RT @prayingmedic: 19) In news of the weird: the Wuhan Institute of Virology (the lab suspected of releasing covid-19) has applied for a patâ€¦,,,,,,
5/21/2020 4:07,CanuckPaesano,FALSE,FALSE,@CailinasEirinn You mustâ€™ve offended Commander Derek Sloan Waterford to earn this punishment. Backsliding isnâ€™t permitted in Gilead North. Under His Eye.,,,,,,
5/21/2020 4:07,campmac111,TRUE,FALSE,RT @KillAuDeepState: 6),,,,,,
#NAME?,,,,,,,,,,
#NAME?,,,,,,,,,,
- past WW program failures aâ€¦,,,,,,,,,,
5/21/2020 4:07,renjunplanet,FALSE,TRUE,to ino ğŸƒğŸ’¨,@renjunplanet n amg vc eh renjun utted entre aq pfvr ğŸ¤²,,,,,
5/21/2020 4:07,skjlouder,TRUE,FALSE,RT @skjlouder: no podemos olvidar la sonrisita de yoongi al ver al pingÃ¼ino gigante a su lado, estoy muy triste :( https://t.co/zTFN73l6EM,,,,,
5/21/2020 4:07,Min_Shook93,TRUE,FALSE,RT @skjlouder: no podemos olvidar la sonrisita de yoongi al ver al pingÃ¼ino gigante a su lado, estoy muy triste :( https://t.co/zTFN73l6EM,,,,,
5/21/2020 4:07,i_am_sasha1991,FALSE,TRUE,ğŸ¤¦ğŸ½â€â™€ï¸ Ikr...,Idk if I could go another Friday without going Hutt Shuts ino ğŸ¥º,,,,,
5/21/2020 4:07,AnnaNekoi,FALSE,FALSE,#IslaPingÃ¼ino Estefano, mirando a su primo Carlos," ""el colorao""", mientras le grita al cielo que el es el elegido para ser el lÃ­der de la isla. Estefano se pregunta por quÃ© su primo estÃ¡ tan loco. https://t.co/cckSJW71wA,,,
5/21/2020 4:07,1103cl,TRUE,FALSE,RT @DDR_Japan: @1103cl ãŠå£°æ›ã‘å¤±ç¤¼ã„ãŸã—ã¾ã™ã€‚,,,,,,
ãŠåŠ›ã«ãªã‚Œãªã„ã‹ã¨é€£çµ¡ã•ã›ã¦ã„ãŸã ãã¾ã—ãŸã€‚,,,,,,,,,,
ãƒ‡ãƒ¼ã‚¿å¾©æ—§ãŒå¿…è¦ã§ã—ãŸã‚‰ã€ã”ç›¸è«‡ãã ã•ã„ã¾ã›ï¼,,,,,,,,,,
https://t.co/vKLp0YhuE5,,,,,,,,,,
5/21/2020 4:07,bahuzumaki,FALSE,FALSE,HINATA VS INO (SHIPPUDEN QUARTA GUERRA),,,,,,
5/21/2020 4:08,speak_shooky,TRUE,FALSE,RT @skjlouder: no podemos olvidar la sonrisita de yoongi al ver al pingÃ¼ino gigante a su lado, estoy muy triste :( https://t.co/zTFN73l6EM,,,,,
5/21/2020 4:08,LnMonyque,TRUE,TRUE,RT @LNFranco_FI: #Sanofi #Renault et compagnie nâ€™ont aucun souci Ã  se faire avec un PR comme lui ğŸ˜¡,AÃ¯e aÃ¯e aÃ¯e les archives @EmmanuelMacron ğŸ˜ https://t.co/ilc8aK7pGK,,,,,
5/21/2020 4:08,Okidoki721,TRUE,FALSE,RT @JLMelenchon: #SANOFI : Â«Pas trop dâ€™insolence, ne vous moquez pas trop des FranÃ§ais. Ils vous ont payÃ©, surpayÃ©, engraissÃ©, gavÃ©, et Ã  lâ€¦,
5/21/2020 4:08,Boss_QM2059,TRUE,FALSE,RT @swcom2020: ğŸ‘ğŸ‘à¸„à¸™à¹„à¸—à¸¢ à¹„à¸¡à¹ˆà¹à¸à¹‰à¸Šà¸²à¸•à¸´à¹ƒà¸”à¹ƒà¸™à¹‚à¸¥à¸,,,,,,
ğŸ’‰ğŸ’‰à¸§à¸±à¸„à¸‹à¸µà¸™à¸›à¹‰à¸­à¸‡à¸à¸±à¸™à¹‚à¸„à¸§à¸´à¸”-19 à¸Šà¸™à¸´à¸” mRNA à¸›à¸£à¸°à¸ªà¸šà¸„à¸§à¸²à¸¡à¸ªà¸³à¹€à¸£à¹‡à¸ˆà¹ƒà¸™à¸à¸²à¸£à¸—à¸”à¸¥à¸­à¸‡à¸à¸±à¸šà¸«à¸™à¸¹à¹à¸¥à¹‰à¸§ à¸à¸³à¸¥à¸±à¸‡à¹€à¸•à¸£à¸µà¸¢à¸¡à¸—à¸”à¸ªà¸­à¸šà¸à¸±à¸šà¸¥à¸´à¸‡à¸ªà¸±à¸›à¸”à¸²â€¦,,,,,,,,,,
5/21/2020 4:08,J__Luna_,TRUE,FALSE,RT @skjlouder: no podemos olvidar la sonrisita de yoongi al ver al pingÃ¼ino gigante a su lado, estoy muy triste :( https://t.co/zTFN73l6EM,,,,,
5/21/2020 4:08,fabulousfabi__,TRUE,FALSE,RT @daniellecenee: I want ino ğŸ˜­,,,,,,
5/21/2020 4:08,15minofPham,FALSE,FALSE,Wed (5/20/20) strongest final 30-min close (Min $5 &amp; Vol 750K, Opt Min Vol 500 in any strike): $SFIX $MRNA $BCRX $NTNX $ADVM $IQ $PING $BOOT $RRR $NERV $ETSY $OSTK $GSX $RESI $KIM $WES $UPWK $TGTX $KRNT $MTCH $W $TCOM $INO $RAD $CNXM $SDC $OMI $AA $BIDU $DOYU https://t.co/VYykQ9y0Xk,,,,,
5/21/2020 4:08,ItsMe_NotYu,FALSE,TRUE,A song I could listen to literally everyday,Balm in Gilead- Karen Clark-Sheard https://t.co/sonpBCIoWz,,,,,
5/21/2020 4:09,AerialEng,TRUE,FALSE,RT @TeslaLisa: LOL!   $TSLAQ are all over $MRNA re the vaccine claiming the company/CEO to be the next Holmes. Why not eh? It's how $TSLAQâ€¦,,,,,,
5/21/2020 4:09,margpompom,TRUE,FALSE,RT @DocteurGonzo5: Selon la HATVP, en 2019, GILEAD a dÃ©pensÃ© entre 400 et 500 000 euros pour son activitÃ© de lobbying auprÃ¨s des SEULS parlâ€¦,,,,
5/21/2020 4:09,margpompom,TRUE,FALSE,RT @DocteurGonzo5: GILEAD, ce groupe amÃ©ricain employant prÃ¨s de 12 000 personnes au chiffre dâ€™affaires de 22,5 milliards de dollars en 201â€¦,,,,
5/21/2020 4:09,skjlouder,TRUE,FALSE,RT @skjlouder: no podemos olvidar la sonrisita de yoongi al ver al pingÃ¼ino gigante a su lado, estoy muy triste :( https://t.co/zTFN73l6EM,,,,,
5/21/2020 4:09,margpompom,TRUE,FALSE,RT @DocteurGonzo5: Face au Covid, tout lâ€™enjeu pour Gilead est de convaincre que sa nouvelle molÃ©cule est nettement plus efficace que lâ€™hydâ€¦,,,,,
5/21/2020 4:09,Justhereforsom5,FALSE,FALSE,@TeaPainUSA While I believe this family is 100% criminals and grifters, Sanofi stock hasn't exactly been crushing it, and it has a generic available. More likely I think Trump wants people to believe that there is SOME therapeutic and he's sticking with the first one,,,,
5/21/2020 4:09,OfJacskon,FALSE,FALSE,@TeaPainUSA Since you didn't read it. His 3 trusts each have two line items of $1k-$15k invested in dodge &amp; cox international stock fund. Say it's $15k each x 6, $90k total. That mutual fund, ticker symbol dodfx, has 3.3%invested in sanofi. Trump has a total exposure of $2970 to sanofi. ğŸ™„,,,
5/21/2020 4:09,jungkookstyles1,TRUE,FALSE,RT @skjlouder: no podemos olvidar la sonrisita de yoongi al ver al pingÃ¼ino gigante a su lado, estoy muy triste :( https://t.co/zTFN73l6EM,,,,,
5/21/2020 4:09,rolandtaty1,TRUE,FALSE,RT @JLMelenchon: #SANOFI : Â«Pas trop dâ€™insolence, ne vous moquez pas trop des FranÃ§ais. Ils vous ont payÃ©, surpayÃ©, engraissÃ©, gavÃ©, et Ã  lâ€¦,
5/21/2020 4:09,FTwist,FALSE,TRUE,Quel scandale d'Ã©tat !,#remdesivir Gilead aurait dÃ©pensÃ© la somme colossale de 65 millions de dollars sur les 7 derniÃ¨res annÃ©es pour asseoir son influence en France. Les arrosÃ©s : noms connus anti-Raoult, organismes de formation, mÃ©dias.... et PARLEMENTAIRES (!!!) ğŸ¤®ğŸ¤®ğŸ¤®,,,
https://t.co/8wzz3wbM3K,,,,,,,,,,
5/21/2020 4:09,SalafiKhalid,TRUE,FALSE,RT @biohussein: 6 Ù„Ù‚Ø§Ø­Ø§Øª Ù‚Ø¯ ØªÙƒÙˆÙ† Ø¬Ø§Ù‡Ø²Ø© ÙÙŠ Ù‡Ø°Ø§ Ø§Ù„Ø¹Ø§Ù…:,,,,,,
,,,,,,,,,,
1- Ù„Ù‚Ø§Ø­ Ø¬Ø§Ù…Ø¹Ø© Ø£ÙƒØ³ÙÙˆØ±Ø¯ (Ø¨Ø±ÙŠØ·Ø§Ù†ÙŠ),,,,,,,,,,
,,,,,,,,,,
2- Ù„Ù‚Ø§Ø­ Ø´Ø±ÙƒØ© Moderna Ø§Ù„Ø§Ù…Ø±ÙŠÙƒÙŠØ©,,,,,,,,,,
(mRNA-1273),,,,,,,,,,
,,,,,,,,,,
3- Ù„Ù‚Ø§Ø­â€¦,,,,,,,,,,
5/21/2020 4:10,AccordIlil,TRUE,FALSE,RT @JLMelenchon: #SANOFI : Â«Pas trop dâ€™insolence, ne vous moquez pas trop des FranÃ§ais. Ils vous ont payÃ©, surpayÃ©, engraissÃ©, gavÃ©, et Ã  lâ€¦,
5/21/2020 4:10,SchnittGoldener,FALSE,FALSE,@martini_ganz @HannoSettele https://t.co/sVJ8jIRHLa    Schutzimpfung: PrÃ¤klinisch kaum getestet, neuartig, experiementell, genetisch. mRNA-Vakzin, DNA-Vakzin, Vektoren. Studienlage bisher dÃ¼nn. Neue Impfstofftechnologie, die nun via Eilzulassung durchgedrÃ¼ckt werden soll.
5/21/2020 4:10,Michael32112332,FALSE,TRUE,Americans should get ACCURATE info. re: treatment options if they/family member tests pos 4 CV.  HCQâ¡ TARGETTED BY DS CRONIES AS BAD? DONT BELIEVE THEIR LIES. READ ARTICLE. DJT TAKING IT AS PROOF. HCQ HAS CURED MAJORITY, NO  SERIOUS ADVERSE EVENTS. FAUCI TIED 2 $ FR: GILEAD/MRNA,https://t.co/EVwkUTPNKW,,,,
5/21/2020 4:10,margpompom,TRUE,FALSE,RT @DocteurGonzo5: GILEAD a Ã©galement volÃ© via son mÃ©dicament contre lâ€™Hepatite C 700 millions dâ€™â‚¬ Ã  lâ€™assurance maladie franÃ§aise. Voir auâ€¦,,,,,,
5/21/2020 4:10,Deeplooo,TRUE,TRUE,RT @tryingalways: Trump possÃ¨de une participation dans Sanofi, fabricant du Plaquenil.,And there it is. https://t.co/U5bAmLe0bT,,,,
5/21/2020 4:10,alexsupernerd,FALSE,FALSE,@baspaternotte Heel bizar dit.,,,,,,
Het lijkt erop dat heel de wereld weet dat dit middel werkt ,,,,,,,,,,
In Belgie bijv. wordt dit ook gebruikt, met wat disclaimers, maar eigenlijk wordt dit al gebruikt voor bijv. reuma.,,,,,,,,
https://t.co/S4653EEt1X,,,,,,,,,,
5/21/2020 4:10,laiguillon11,TRUE,FALSE,RT @JLMelenchon: #SANOFI : Â«Pas trop dâ€™insolence, ne vous moquez pas trop des FranÃ§ais. Ils vous ont payÃ©, surpayÃ©, engraissÃ©, gavÃ©, et Ã  lâ€¦,
5/21/2020 4:10,KimDeaBueno,TRUE,FALSE,RT @prayingmedic: 19) In news of the weird: the Wuhan Institute of Virology (the lab suspected of releasing covid-19) has applied for a patâ€¦,,,,,,
5/21/2020 4:10,HoneyBoi0w0,FALSE,FALSE,#NAME?, sino que era UN PINGÃœINO HUMANIZADO DISFRAZADO DE LEOPARDO DE LAS NIEVES!!! Adjunto imagen del traje xD Me ponÃ­a en esquinas del mapa a buscar dueÃ±o xd Ya luego empecÃ© a dibujar y plasmÃ© todo mi lado furro en papel ğŸ‘ŒğŸ» + https://t.co/YHMY2k6tYq,,,,,
5/21/2020 4:10,CynthiaGsosa,TRUE,FALSE,RT @herrerobono: El acuerdo mÃ¡s daÃ±ino para el peor momento de nuestro paÃ­s.  +paro -flexibilidad empresas +cierre empresas -ingreso de impâ€¦,,,,,,
5/21/2020 4:10,CharismaAlasta1,TRUE,FALSE,RT @pmgeorgic: mRNA Vaccines and Next Generation Testing https://t.co/qmGI5MegNu the danger is more then you think @realDonaldTrump @Harrisâ€¦,,,,,,
5/21/2020 4:11,AlnabhanZahran,TRUE,FALSE,RT @VaxchoiceKw: Ø±ÙˆØ¨Ø±Øª ÙƒÙŠÙ†ÙŠØ¯ÙŠ Ø¬ÙˆÙ†ÙŠÙˆØ± ÙŠØµØ±Ø­ Ø­ÙˆÙ„ Ù„Ù‚Ø§Ø­ Ù…ÙˆØ¯ÙŠØ±Ù†Ø§ Ø§Ù„Ø¬Ø¯ÙŠØ¯ #Ù„ÙƒÙˆÙÙŠØ¯_Ù¡Ù© ,,,,,,
ğŸ”´ Ø§Ù„Ù„Ù‚Ø§Ø­ ÙŠØ³ØªØ®Ø¯Ù… ØªÙ‚Ù†ÙŠØ© mRNA Ø§Ù„Ø¬Ø¯ÙŠØ¯Ø©,,,,,,,,,,
ğŸ”´Ø§Ù„Ù„Ù‚Ø§Ø­ Ù…Ù…ÙˆÙ„ Ù…Ù† Ø¨ÙŠÙ„ ØºÙŠØªØ³,,,,,,,,,,
ğŸ”´â€¦,,,,,,,,,,
5/21/2020 4:11,CailinasEirinn,TRUE,FALSE,RT @CanuckPaesano: @CailinasEirinn You mustâ€™ve offended Commander Derek Sloan Waterford to earn this punishment. Backsliding isnâ€™t permitteâ€¦,,,,,,
5/21/2020 4:11,Michael75252993,TRUE,FALSE,RT @GSKUS: Weâ€™ve joined forces with Sanofi in an unprecedented vaccine collaboration to fight #COVID19. #CNBC #HealthyReturns,,,,,,
